arrival_date,year,month,record_count,market_count,variety_count,total_arrivals_metric_tonnes,minimum_price_rs_per_quintal,maximum_price_rs_per_quintal,modal_price_simple_avg_rs_per_quintal,modal_price_weighted_avg_rs_per_quintal,target_modal_price_rs_per_quintal
2020-09-21,2020,9,2,2,2,354.0,1550.0,2170.0,1800.0,1938.9831,1938.9831
2020-09-22,2020,9,2,2,2,324.0,1550.0,2155.0,1800.0,1970.3704,1970.3704
2020-09-23,2020,9,3,3,2,1305.0,1375.0,2100.0,1733.3333,1906.5134,1906.5134
2020-09-24,2020,9,2,2,2,329.0,1600.0,2130.0,1775.0,1706.383,1706.383
2020-09-26,2020,9,2,2,2,730.0,1560.0,2140.0,1800.0,1836.9863,1836.9863
2020-09-27,2020,9,1,1,1,120.0,1888.0,1888.0,1888.0,1888.0,1888.0
2020-09-28,2020,9,6,6,4,608.6,1888.0,1895.0,1890.0,1889.7828,1889.7828
2020-09-29,2020,9,15,15,4,3673.29,1525.0,2070.0,1870.2667,1871.6139,1871.6139
2020-09-30,2020,9,20,20,5,14057.13,1520.0,2165.0,1896.35,1902.3207,1902.3207
2020-10-01,2020,10,17,17,5,12787.53,1850.0,2180.0,1894.8824,1892.3808,1892.3808
2020-10-02,2020,10,27,27,5,20724.02,1880.0,1893.0,1887.7037,1887.807,1887.807
2020-10-03,2020,10,37,37,4,30908.39,1880.0,1898.0,1888.0,1888.0,1888.0
2020-10-04,2020,10,41,41,4,39294.13,1888.0,1893.0,1888.0,1888.0,1888.0
2020-10-05,2020,10,55,54,6,62497.09,1755.0,2200.0,1890.0364,1889.2724,1889.2724
2020-10-06,2020,10,61,60,6,70477.24,1805.0,2125.0,1889.0164,1889.964,1889.964
2020-10-07,2020,10,56,55,6,77234.97,1700.0,2080.0,1887.3214,1887.6039,1887.6039
2020-10-08,2020,10,60,58,6,82903.35,1810.0,2035.0,1888.5333,1888.33,1888.33
2020-10-09,2020,10,61,59,7,85888.12,1810.0,2035.0,1891.8033,1888.4466,1888.4466
2020-10-10,2020,10,65,65,7,98600.5,1880.0,1888.0,1887.8769,1887.9939,1887.9939
2020-10-11,2020,10,66,66,7,108184.25,1888.0,1888.0,1888.0,1888.0,1888.0
2020-10-12,2020,10,66,66,7,119877.45,1888.0,1898.0,1888.0,1888.0,1888.0
2020-10-13,2020,10,84,81,7,158997.54,1680.0,1955.0,1886.9524,1887.3076,1887.3076
2020-10-14,2020,10,81,78,7,165998.38,1675.0,1990.0,1886.9136,1887.5361,1887.5361
2020-10-15,2020,10,77,74,7,165684.54,1750.0,1990.0,1886.8571,1887.3433,1887.3433
2020-10-16,2020,10,81,78,7,185045.04,1700.0,1980.0,1886.8148,1887.3206,1887.3206
2020-10-17,2020,10,77,77,7,216194.64,1888.0,1893.0,1888.0,1888.0,1888.0
2020-10-18,2020,10,76,76,7,192207.19,1888.0,1893.0,1888.0,1888.0,1888.0
2020-10-19,2020,10,77,77,7,211102.9,1880.0,1893.0,1887.8961,1887.9895,1887.9895
2020-10-20,2020,10,86,83,7,346569.02,1888.0,2080.0,1888.4302,1888.198,1888.198
2020-10-21,2020,10,86,84,7,284890.25,1888.0,1898.0,1888.0,1888.0,1888.0
2020-10-22,2020,10,85,83,7,304236.75,1888.0,1893.0,1888.0,1888.0,1888.0
2020-10-23,2020,10,82,80,7,334758.94,1888.0,1898.0,1888.0,1888.0,1888.0
2020-10-24,2020,10,89,86,7,333667.31,1888.0,2500.0,1892.6292,1890.1189,1890.1189
2020-10-25,2020,10,72,72,6,336392.58,1888.0,1898.0,1888.0,1888.0,1888.0
2020-10-26,2020,10,79,78,7,343171.11,1888.0,2595.0,1893.481,1889.8485,1889.8485
2020-10-27,2020,10,80,80,7,348719.93,1888.0,1893.0,1888.0,1888.0,1888.0
2020-10-28,2020,10,71,70,6,196154.34,1888.0,2100.0,1889.5775,1889.2342,1889.2342
2020-10-29,2020,10,75,74,8,210668.97,1888.0,2655.0,1896.32,1892.8966,1892.8966
2020-10-30,2020,10,80,79,8,218550.38,1888.0,2645.0,1893.15,1894.2069,1894.2069
2020-10-31,2020,10,78,77,8,316501.81,1888.0,2500.0,1893.9231,1891.3143,1891.3143
2020-11-01,2020,11,29,28,6,198515.75,1888.0,2615.0,1905.6552,1895.0643,1895.0643
2020-11-02,2020,11,46,46,6,167605.0,1888.0,2750.0,1900.2174,1891.2056,1891.2056
2020-11-03,2020,11,76,76,6,170724.36,1000.0,2710.0,1893.7105,1888.8634,1888.8634
2020-11-04,2020,11,70,70,6,218367.2,1888.0,2730.0,1896.3143,1891.1237,1891.1237
2020-11-05,2020,11,57,57,5,209458.57,1888.0,1893.0,1888.0,1888.0,1888.0
2020-11-06,2020,11,54,54,4,128845.39,1888.0,1893.0,1888.0,1888.0,1888.0
2020-11-07,2020,11,63,63,4,174822.3,1888.0,1893.0,1888.0,1888.0,1888.0
2020-11-08,2020,11,51,51,3,101831.19,1888.0,2755.0,1899.0196,1890.1248,1890.1248
2020-11-09,2020,11,56,56,4,150295.9,1888.0,3130.0,1897.3214,1892.5602,1892.5602
2020-11-10,2020,11,49,49,5,151019.3,1888.0,1893.0,1888.0,1888.0,1888.0
2020-11-11,2020,11,50,50,4,89033.34,1888.0,3070.0,1905.24,1896.3554,1896.3554
2020-11-12,2020,11,51,51,4,75575.6,1888.0,1893.0,1888.0,1888.0,1888.0
2020-11-13,2020,11,49,49,4,70717.18,1888.0,1893.0,1888.0,1888.0,1888.0
2020-11-14,2020,11,18,18,3,24457.78,1888.0,1893.0,1888.0,1888.0,1888.0
2020-11-15,2020,11,26,26,3,30075.49,1888.0,1888.0,1888.0,1888.0,1888.0
2020-11-16,2020,11,35,35,4,50960.1,1888.0,3800.0,1888.0,1888.0,1888.0
2020-11-17,2020,11,24,24,3,24561.9,1888.0,3800.0,1934.3333,1899.2912,1899.2912
2020-11-18,2020,11,24,24,3,12373.1,1888.0,4000.0,1888.2083,1888.0376,1888.0376
2020-11-19,2020,11,26,25,4,35460.1,1888.0,4000.0,1911.5385,1891.8315,1891.8315
2020-11-20,2020,11,27,26,4,32131.5,1888.0,2470.0,1903.4444,1890.4213,1890.4213
2020-11-21,2020,11,20,20,4,5537.0,1888.0,1893.0,1888.0,1888.0,1888.0
2020-11-22,2020,11,13,13,2,14736.0,1888.0,1888.0,1888.0,1888.0,1888.0
2020-11-23,2020,11,18,18,3,8182.8,1888.0,1893.0,1888.0,1888.0,1888.0
2020-11-24,2020,11,14,14,2,6099.0,1888.0,1900.0,1889.2143,1888.123,1888.123
2020-11-25,2020,11,16,16,4,5915.7,1888.0,1893.0,1888.3125,1888.0592,1888.0592
2020-11-26,2020,11,12,12,2,1688.8,1888.0,1893.0,1888.0,1888.0,1888.0
2020-11-27,2020,11,8,8,2,1661.8,1888.0,1893.0,1888.0,1888.0,1888.0
2020-11-28,2020,11,5,5,2,2197.0,1888.0,1893.0,1888.0,1888.0,1888.0
2020-11-29,2020,11,6,6,2,887.0,1888.0,1900.0,1890.0,1891.9233,1891.9233
2020-11-30,2020,11,7,7,2,3124.0,1888.0,1893.0,1888.0,1888.0,1888.0
2020-12-01,2020,12,1,1,1,42.9,1888.0,1888.0,1888.0,1888.0,1888.0
2020-12-17,2020,12,1,1,1,0.1,800.0,1500.0,1000.0,1000.0,1000.0
2020-12-28,2020,12,1,1,1,0.9,2500.0,2700.0,2600.0,2600.0,2600.0
2021-10-01,2021,10,1,1,1,438.0,1320.0,1875.0,1630.0,1630.0,1630.0
2021-10-02,2021,10,2,2,2,322.0,1350.0,1830.0,1595.0,1611.7391,1611.7391
2021-10-03,2021,10,11,11,3,23471.53,1960.0,1965.0,1960.1818,1961.5218,1961.5218
2021-10-04,2021,10,24,24,5,47216.48,1960.0,1965.0,1960.5833,1961.2849,1961.2849
2021-10-05,2021,10,30,30,5,23522.42,1960.0,1965.0,1960.0667,1960.1191,1960.1191
2021-10-06,2021,10,37,37,5,32749.11,1560.0,3050.0,1960.0811,1960.0006,1960.0006
2021-10-07,2021,10,38,38,5,76043.1,1960.0,1970.0,1960.0,1960.0,1960.0
2021-10-08,2021,10,46,46,4,83363.29,1960.0,3001.0,1960.0,1960.0,1960.0
2021-10-09,2021,10,49,49,5,82437.34,1960.0,1971.0,1960.0,1960.0,1960.0
2021-10-10,2021,10,54,54,5,51654.02,1960.0,1971.0,1960.0,1960.0,1960.0
2021-10-11,2021,10,59,59,6,116019.9,1960.0,1970.0,1960.0,1960.0,1960.0
2021-10-12,2021,10,67,67,6,94880.21,1960.0,3000.0,1960.0,1960.0,1960.0
2021-10-13,2021,10,75,75,6,150773.14,1960.0,1970.0,1960.0,1960.0,1960.0
2021-10-14,2021,10,67,67,6,147673.51,1960.0,2932.0,1960.0,1960.0,1960.0
2021-10-15,2021,10,73,73,5,142220.15,1960.0,1975.0,1960.2055,1960.0975,1960.0975
2021-10-16,2021,10,76,76,6,225657.02,1960.0,1965.0,1960.0,1960.0,1960.0
2021-10-17,2021,10,80,80,5,223229.79,1960.0,1970.0,1960.0,1960.0,1960.0
2021-10-18,2021,10,78,78,6,204041.14,1960.0,1970.0,1960.0,1960.0,1960.0
2021-10-19,2021,10,80,80,6,188271.91,1936.0,1965.0,1959.7313,1959.8254,1959.8254
2021-10-20,2021,10,80,80,5,230334.42,1960.0,1965.0,1960.0,1960.0,1960.0
2021-10-21,2021,10,76,76,6,277901.49,1960.0,1970.0,1960.0987,1960.1401,1960.1401
2021-10-22,2021,10,79,79,6,409559.69,1960.0,1970.0,1960.0949,1960.7562,1960.7562
2021-10-23,2021,10,79,79,6,453037.27,1960.0,1970.0,1960.0949,1960.9545,1960.9545
2021-10-24,2021,10,50,50,5,140181.47,1960.0,1965.0,1960.0,1960.0,1960.0
2021-10-25,2021,10,57,57,5,160291.72,1960.0,1965.0,1960.0,1960.0,1960.0
2021-10-26,2021,10,74,74,5,238667.35,1960.0,1965.0,1960.0,1960.0,1960.0
2021-10-27,2021,10,77,77,5,224874.94,1960.0,1970.0,1960.1299,1960.0262,1960.0262
2021-10-28,2021,10,76,76,6,213145.27,1960.0,1970.0,1960.1316,1960.0178,1960.0178
2021-10-29,2021,10,72,72,5,215591.7,1960.0,1970.0,1960.0,1960.0,1960.0
2021-10-30,2021,10,71,71,5,198304.02,1960.0,1965.0,1960.0,1960.0,1960.0
2021-10-31,2021,10,69,69,5,209364.5,1960.0,1965.0,1960.0,1960.0,1960.0
2021-11-01,2021,11,30,30,4,128496.02,1960.0,1965.0,1960.0,1960.0,1960.0
2021-11-02,2021,11,56,56,5,168634.92,1960.0,1970.0,1960.0,1960.0,1960.0
2021-11-03,2021,11,57,57,3,180883.66,1960.0,1965.0,1960.0,1960.0,1960.0
2021-11-04,2021,11,31,31,4,57579.6,1960.0,1965.0,1960.0,1960.0,1960.0
2021-11-05,2021,11,50,50,3,230255.87,1960.0,1965.0,1960.0,1960.0,1960.0
2021-11-06,2021,11,61,61,5,289212.75,1960.0,1970.0,1960.082,1960.8396,1960.8396
2021-11-07,2021,11,60,59,5,275747.47,1960.0,1965.0,1960.0,1960.0,1960.0
2021-11-08,2021,11,71,71,5,298576.47,1960.0,1970.0,1960.0,1960.0,1960.0
2021-11-09,2021,11,73,72,5,318737.0,1960.0,1970.0,1960.0,1960.0,1960.0
2021-11-10,2021,11,57,57,6,222465.95,1960.0,1965.0,1960.0,1960.0,1960.0
2021-11-11,2021,11,27,27,5,71848.3,1960.0,3875.0,2022.963,1967.6012,1967.6012
2021-11-12,2021,11,20,20,3,39808.4,1960.0,3900.0,2049.25,1972.6181,1972.6181
2021-11-13,2021,11,15,15,3,20321.0,1960.0,3665.0,2069.3333,1968.0582,1968.0582
2021-11-14,2021,11,15,15,4,9684.0,1960.0,1965.0,1960.3333,1960.0083,1960.0083
2021-11-15,2021,11,14,14,4,14343.0,1960.0,3300.0,2052.8571,1961.0998,1961.0998
2021-11-16,2021,11,14,14,3,13699.0,1960.0,1965.0,1960.7143,1960.6895,1960.6895
2021-11-17,2021,11,13,13,4,10940.0,1960.0,1965.0,1961.1538,1960.1837,1960.1837
2021-11-18,2021,11,9,9,3,3570.0,1960.0,1965.0,1961.1111,1960.1022,1960.1022
2021-11-19,2021,11,8,8,2,17065.0,1960.0,1960.0,1960.0,1960.0,1960.0
2021-11-20,2021,11,6,6,2,9878.0,1960.0,1960.0,1960.0,1960.0,1960.0
2021-11-21,2021,11,5,5,2,2199.0,1960.0,4011.0,2348.0,2004.111,2004.111
2021-11-22,2021,11,7,6,2,1442.4,1960.0,1965.0,1960.7143,1960.1366,1960.1366
2021-11-23,2021,11,7,7,2,63302.5,1960.0,1966.0,1960.8571,1960.0036,1960.0036
2021-11-24,2021,11,4,4,2,592.0,1960.0,4003.0,2420.0,2612.7027,2612.7027
2021-11-25,2021,11,4,4,1,407.0,1960.0,3925.0,2407.5,2452.5799,2452.5799
2021-11-26,2021,11,1,1,1,19.13,1965.0,1966.0,1965.0,1965.0,1965.0
2021-11-29,2021,11,1,1,1,70.0,3500.0,3999.0,3800.0,3800.0,3800.0
2021-11-30,2021,11,1,1,1,691.0,1960.0,1960.0,1960.0,1960.0,1960.0
2022-09-13,2022,9,1,1,1,170.0,2700.0,3200.0,2850.0,2850.0,2850.0
2022-09-14,2022,9,1,1,1,155.0,3100.0,3300.0,3295.0,3295.0,3295.0
2022-09-15,2022,9,1,1,1,270.0,3000.0,3300.0,3180.0,3180.0,3180.0
2022-09-16,2022,9,1,1,1,330.0,3070.0,3300.0,3285.0,3285.0,3285.0
2022-09-17,2022,9,1,1,1,494.0,1525.0,3350.0,3200.0,3200.0,3200.0
2022-09-18,2022,9,1,1,1,297.0,1600.0,3416.0,3220.0,3220.0,3220.0
2022-09-19,2022,9,1,1,1,36.0,1625.0,3080.0,1725.0,1725.0,1725.0
2022-09-20,2022,9,1,1,1,515.0,1750.0,3540.0,3200.0,3200.0,3200.0
2022-09-21,2022,9,1,1,1,772.0,1600.0,3525.0,1680.0,1680.0,1680.0
2022-09-22,2022,9,2,2,1,1049.0,1600.0,3490.0,1700.0,1744.5663,1744.5663
2022-09-23,2022,9,1,1,1,82.0,1550.0,1690.0,1655.0,1655.0,1655.0
2022-09-24,2022,9,1,1,1,587.0,1600.0,3350.0,1720.0,1720.0,1720.0
2022-09-25,2022,9,1,1,1,132.0,1550.0,3280.0,1645.0,1645.0,1645.0
2022-09-26,2022,9,1,1,1,99.0,1590.0,3030.0,1600.0,1600.0,1600.0
2022-09-27,2022,9,1,1,1,406.0,1460.0,3540.0,1650.0,1650.0,1650.0
2022-09-28,2022,9,1,1,1,229.0,1650.0,3571.0,1680.0,1680.0,1680.0
2022-09-29,2022,9,2,2,2,4189.0,1650.0,3599.0,1712.5,1723.6572,1723.6572
2022-09-30,2022,9,4,4,2,2413.5,1600.0,3600.0,1787.5,1733.4369,1733.4369
2022-10-01,2022,10,6,6,5,695.6,1640.0,3600.0,2000.0,1808.9937,1808.9937
2022-10-02,2022,10,6,6,4,950.0,2060.0,3200.0,2060.0,2060.0,2060.0
2022-10-03,2022,10,11,11,5,2597.7,2050.0,2070.0,2059.5455,2060.2906,2060.2906
2022-10-04,2022,10,17,17,6,9708.0,2060.0,2065.0,2060.2941,2060.0464,2060.0464
2022-10-05,2022,10,19,19,6,15661.5,2060.0,2070.0,2060.2632,2060.0431,2060.0431
2022-10-06,2022,10,19,19,6,22113.4,2060.0,2070.0,2060.2632,2060.0837,2060.0837
2022-10-07,2022,10,23,22,6,34186.2,2060.0,2250.0,2068.4783,2060.9947,2060.9947
2022-10-08,2022,10,30,30,6,30832.2,2060.0,2070.0,2060.1667,2060.0042,2060.0042
2022-10-09,2022,10,29,29,7,30345.9,2060.0,2065.0,2060.0,2060.0,2060.0
2022-10-10,2022,10,37,36,8,59427.1,2060.0,2071.0,2060.4054,2060.1505,2060.1505
2022-10-11,2022,10,33,32,7,50813.2,2060.0,2070.0,2060.303,2060.0779,2060.0779
2022-10-12,2022,10,31,31,6,39182.3,2060.0,2080.0,2060.0,2060.0,2060.0
2022-10-13,2022,10,29,29,6,24584.1,2060.0,2071.0,2060.0,2060.0,2060.0
2022-10-14,2022,10,36,36,6,61083.5,2060.0,2070.0,2060.2778,2060.1042,2060.1042
2022-10-15,2022,10,45,45,6,104836.0,2060.0,2070.0,2060.1556,2060.208,2060.208
2022-10-16,2022,10,42,42,6,87378.6,2060.0,2070.0,2060.119,2060.0826,2060.0826
2022-10-17,2022,10,34,34,7,102288.4,2040.0,2070.0,2059.6176,2059.6529,2059.6529
2022-10-18,2022,10,46,45,7,134457.2,2040.0,2121.0,2059.6739,2059.7854,2059.7854
2022-10-19,2022,10,48,48,7,162270.7,2040.0,2080.0,2059.6875,2059.9752,2059.9752
2022-10-20,2022,10,47,46,7,167061.8,2040.0,2090.0,2059.6809,2059.7487,2059.7487
2022-10-21,2022,10,39,38,4,156998.6,2040.0,2100.0,2059.6154,2059.5975,2059.5975
2022-10-22,2022,10,46,45,6,194760.6,2060.0,2100.0,2060.0,2060.0,2060.0
2022-10-23,2022,10,44,43,7,183825.3,2040.0,2100.0,2059.5455,2059.4732,2059.4732
2022-10-24,2022,10,25,24,4,47254.0,2060.0,2070.0,2060.0,2060.0,2060.0
2022-10-25,2022,10,45,44,7,160059.8,2040.0,2070.0,2059.6667,2059.7397,2059.7397
2022-10-26,2022,10,53,52,6,314440.8,2060.0,2075.0,2060.0943,2060.9237,2060.9237
2022-10-27,2022,10,50,49,6,260324.1,2060.0,2070.0,2060.0,2060.0,2060.0
2022-10-28,2022,10,50,49,6,225999.2,2060.0,2075.0,2060.0,2060.0,2060.0
2022-10-29,2022,10,52,51,6,254772.1,2060.0,2080.0,2060.0,2060.0,2060.0
2022-10-30,2022,10,52,51,7,248474.1,2040.0,2080.0,2059.6154,2059.6,2059.6
2022-10-31,2022,10,56,55,6,183839.5,2040.0,2070.0,2059.6429,2059.4752,2059.4752
2022-11-01,2022,11,54,53,7,191746.6,2040.0,2070.0,2059.7222,2059.993,2059.993
2022-11-02,2022,11,53,52,7,267975.1,2060.0,2070.0,2060.0943,2060.9922,2060.9922
2022-11-03,2022,11,50,49,6,198589.5,2060.0,2100.0,2060.0,2060.0,2060.0
2022-11-04,2022,11,55,54,5,236629.3,2040.0,2075.0,2059.6364,2059.4303,2059.4303
2022-11-05,2022,11,53,52,6,215360.6,2040.0,2070.0,2059.717,2060.589,2060.589
2022-11-06,2022,11,55,54,5,291282.25,2040.0,2070.0,2059.7273,2060.6567,2060.6567
2022-11-07,2022,11,55,55,6,217666.3,2060.0,2070.0,2060.0909,2060.9036,2060.9036
2022-11-08,2022,11,56,55,6,210361.12,2060.0,2070.0,2060.0893,2061.115,2061.115
2022-11-09,2022,11,52,51,5,181344.47,2060.0,2070.0,2060.0962,2060.8995,2060.8995
2022-11-10,2022,11,48,47,6,136699.65,2060.0,4306.0,2098.4375,2068.4516,2068.4516
2022-11-11,2022,11,50,49,6,175778.51,2060.0,2070.0,2060.1,2061.0848,2061.0848
2022-11-12,2022,11,44,43,5,138647.78,2060.0,2070.0,2060.1136,2061.1955,2061.1955
2022-11-13,2022,11,52,51,5,118018.1,2060.0,4303.0,2095.4808,2064.3768,2064.3768
2022-11-14,2022,11,44,43,5,69079.59,2060.0,2065.0,2060.0,2060.0,2060.0
2022-11-15,2022,11,39,38,5,92019.74,2060.0,4275.0,2116.9231,2164.4433,2164.4433
2022-11-16,2022,11,37,36,5,97697.5,2060.0,4400.0,2120.6757,2065.9518,2065.9518
2022-11-17,2022,11,20,19,4,56268.6,2060.0,4450.0,2152.25,2068.9527,2068.9527
2022-11-18,2022,11,13,13,4,17550.0,2060.0,4950.0,2213.4615,2100.4912,2100.4912
2022-11-19,2022,11,8,8,3,11863.0,2060.0,2070.0,2060.625,2060.7123,2060.7123
2022-11-20,2022,11,7,7,2,4626.0,2060.0,2060.0,2060.0,2060.0,2060.0
2022-11-21,2022,11,6,6,2,2708.0,2060.0,4451.0,2366.6667,2170.7533,2170.7533
2022-11-22,2022,11,6,6,2,2475.0,2060.0,4405.0,2350.0,2157.0182,2157.0182
2022-11-23,2022,11,6,6,2,2321.0,2060.0,4295.0,2350.0,2128.9703,2128.9703
2022-11-24,2022,11,9,8,3,9314.0,2060.0,4295.0,2275.5556,2081.0371,2081.0371
2022-11-25,2022,11,3,3,1,1665.0,2060.0,4205.0,2673.3333,2446.7868,2446.7868
2022-11-26,2022,11,3,3,2,478.0,2060.0,2060.0,2060.0,2060.0,2060.0
2022-11-27,2022,11,2,2,2,608.0,2060.0,2060.0,2060.0,2060.0,2060.0
2022-11-30,2022,11,2,2,2,3896.0,2060.0,4255.0,3055.0,2131.5092,2131.5092
2022-12-09,2022,12,1,1,1,6.0,3200.0,3600.0,3500.0,3500.0,3500.0
2022-12-10,2022,12,1,1,1,5.0,3500.0,3920.0,3700.0,3700.0,3700.0
2022-12-11,2022,12,1,1,1,18.0,3200.0,3950.0,3600.0,3600.0,3600.0
2022-12-14,2022,12,1,1,1,452.4,3700.0,4255.0,3945.0,3945.0,3945.0
2023-09-14,2023,9,1,1,1,128.0,3050.0,3601.0,3580.0,3580.0,3580.0
2023-09-18,2023,9,1,1,1,1.6,2208.0,2208.0,2208.0,2208.0,2208.0
2023-09-23,2023,9,1,1,1,5.7,2208.0,2208.0,2208.0,2208.0,2208.0
2023-09-28,2023,9,1,1,1,31.0,2208.0,2208.0,2208.0,2208.0,2208.0
2023-09-29,2023,9,1,1,1,5.7,2208.0,2208.0,2208.0,2208.0,2208.0
2023-09-30,2023,9,1,1,1,33.4,2208.0,2208.0,2208.0,2208.0,2208.0
2023-10-01,2023,10,2,2,1,919.0,2203.0,3450.0,2706.5,3162.8825,3162.8825
2023-10-02,2023,10,5,5,2,928.1,1980.0,2208.0,2163.4,2128.3954,2128.3954
2023-10-03,2023,10,7,7,2,1980.26,2203.0,2305.0,2222.1429,2205.4855,2205.4855
2023-10-04,2023,10,21,21,3,37127.08,2000.0,2300.0,2198.619,2204.324,2204.324
2023-10-05,2023,10,19,19,3,29327.5,2000.0,2300.0,2200.3158,2202.1401,2202.1401
2023-10-06,2023,10,27,27,3,34334.24,2203.0,2331.0,2206.7778,2203.7042,2203.7042
2023-10-07,2023,10,25,25,3,28669.59,2203.0,2340.0,2207.08,2204.5117,2204.5117
2023-10-08,2023,10,20,20,3,30703.71,2203.0,2371.0,2208.15,2204.658,2204.658
2023-10-09,2023,10,27,27,4,38749.66,2203.0,2405.0,2208.6296,2205.8999,2205.8999
2023-10-10,2023,10,32,32,4,47395.99,2203.0,2390.0,2207.5,2205.8191,2205.8191
2023-10-11,2023,10,34,34,5,48414.76,2203.0,2390.0,2205.8529,2205.1738,2205.1738
2023-10-12,2023,10,34,34,5,47215.5,2203.0,2390.0,2209.0,2208.2015,2208.2015
2023-10-13,2023,10,44,44,6,187525.41,2203.0,2400.0,2205.3182,2204.2156,2204.2156
2023-10-14,2023,10,40,40,6,105939.82,2203.0,2400.0,2205.55,2206.344,2206.344
2023-10-15,2023,10,35,34,5,49807.1,2203.0,2425.0,2207.3429,2209.9183,2209.9183
2023-10-16,2023,10,33,33,4,29395.56,2203.0,2400.0,2207.6061,2215.6955,2215.6955
2023-10-17,2023,10,32,32,4,75591.9,2203.0,2350.0,2204.125,2204.6627,2204.6627
2023-10-18,2023,10,44,43,6,72445.9,2203.0,2350.0,2203.2955,2204.0806,2204.0806
2023-10-19,2023,10,47,46,6,141836.75,2203.0,2300.0,2203.2766,2204.252,2204.252
2023-10-20,2023,10,56,56,5,140672.63,2203.0,2380.0,2203.2321,2204.3191,2204.3191
2023-10-21,2023,10,57,57,6,208349.68,2203.0,2350.0,2203.2281,2204.3805,2204.3805
2023-10-22,2023,10,55,55,7,156353.0,2203.0,2321.0,2203.4182,2203.8345,2203.8345
2023-10-23,2023,10,51,50,6,193228.54,2203.0,2385.0,2203.2549,2205.1443,2205.1443
2023-10-24,2023,10,46,46,6,159698.36,2203.0,2350.0,2203.2174,2203.9208,2203.9208
2023-10-25,2023,10,46,46,7,232214.72,2203.0,2308.0,2203.2174,2204.9382,2204.9382
2023-10-26,2023,10,53,53,6,192404.8,2203.0,2325.0,2203.1887,2204.4574,2204.4574
2023-10-27,2023,10,56,56,6,288157.16,2203.0,2300.0,2203.1786,2204.5108,2204.5108
2023-10-28,2023,10,63,63,6,260677.83,2203.0,2208.0,2203.0794,2204.4338,2204.4338
2023-10-29,2023,10,58,58,6,199834.08,2203.0,2208.0,2203.0862,2203.9206,2203.9206
2023-10-30,2023,10,39,39,6,228953.5,2203.0,2300.0,2203.2564,2204.9999,2204.9999
2023-10-31,2023,10,43,43,5,164275.02,2203.0,2300.0,2203.1163,2203.0312,2203.0312
2023-11-01,2023,11,53,53,6,218404.88,2203.0,2208.0,2203.0943,2204.7916,2204.7916
2023-11-02,2023,11,54,54,4,203903.55,2203.0,2208.0,2203.0926,2204.8109,2204.8109
2023-11-03,2023,11,51,51,5,262056.98,2203.0,2212.0,2203.098,2204.1772,2204.1772
2023-11-04,2023,11,51,51,5,210388.39,2203.0,2215.0,2203.098,2204.6648,2204.6648
2023-11-05,2023,11,53,53,5,161865.74,2203.0,2221.0,2203.0943,2204.4642,2204.4642
2023-11-06,2023,11,50,50,4,232015.05,2203.0,2215.0,2203.1,2204.7208,2204.7208
2023-11-07,2023,11,57,57,6,195008.96,2203.0,2215.0,2203.0877,2204.6115,2204.6115
2023-11-08,2023,11,52,52,5,206339.71,2203.0,2210.0,2203.0,2203.0,2203.0
2023-11-09,2023,11,51,51,5,213643.25,2203.0,2210.0,2203.0196,2203.0123,2203.0123
2023-11-10,2023,11,57,57,6,181904.84,2203.0,2208.0,2203.0175,2203.0296,2203.0296
2023-11-11,2023,11,46,46,5,85393.2,2203.0,2203.0,2203.0,2203.0,2203.0
2023-11-12,2023,11,22,22,5,49580.9,2203.0,2203.0,2203.0,2203.0,2203.0
2023-11-13,2023,11,33,33,4,85460.3,1000.0,2400.0,2172.8485,2203.0166,2203.0166
2023-11-14,2023,11,28,28,4,93511.58,2203.0,2208.0,2203.0,2203.0,2203.0
2023-11-15,2023,11,37,37,4,65764.85,2203.0,2208.0,2203.0,2203.0,2203.0
2023-11-16,2023,11,39,39,4,62415.82,2203.0,2208.0,2203.0,2203.0,2203.0
2023-11-17,2023,11,37,37,4,50771.38,2203.0,2303.0,2203.0,2203.0,2203.0
2023-11-18,2023,11,36,36,4,40541.02,800.0,2208.0,2166.8056,2202.9904,2202.9904
2023-11-19,2023,11,36,36,4,33360.5,2203.0,2208.0,2203.0,2203.0,2203.0
2023-11-20,2023,11,29,29,4,29206.02,2203.0,2208.0,2203.0,2203.0,2203.0
2023-11-21,2023,11,29,29,4,24269.35,2203.0,2208.0,2203.0,2203.0,2203.0
2023-11-22,2023,11,39,39,4,24614.0,2203.0,2208.0,2203.0,2203.0,2203.0
2023-11-23,2023,11,34,34,4,17302.9,2203.0,2203.0,2203.0,2203.0,2203.0
2023-11-24,2023,11,29,29,4,15011.8,2203.0,2210.0,2203.0,2203.0,2203.0
2023-11-25,2023,11,21,21,4,11694.0,2203.0,2203.0,2203.0,2203.0,2203.0
2023-11-26,2023,11,20,20,4,8139.3,2203.0,2203.0,2203.0,2203.0,2203.0
2023-11-27,2023,11,23,23,4,11290.9,2203.0,3700.0,2259.4348,2207.6128,2207.6128
2023-11-28,2023,11,21,21,4,9286.5,2202.0,2300.0,2203.0,2203.0,2203.0
2023-11-29,2023,11,25,25,4,9444.4,2203.0,2211.0,2203.04,2203.0438,2203.0438
2023-11-30,2023,11,18,18,3,9153.75,2000.0,3400.0,2247.2778,2216.9309,2216.9309
2023-12-01,2023,12,13,13,4,3264.6,2203.0,4910.0,2318.1538,2478.1332,2478.1332
2023-12-02,2023,12,10,10,4,636.0,2203.0,2203.0,2203.0,2203.0,2203.0
2023-12-03,2023,12,8,8,4,1700.0,2203.0,2203.0,2203.0,2203.0,2203.0
2023-12-04,2023,12,9,9,3,494.0,2203.0,2203.0,2203.0,2203.0,2203.0
2023-12-05,2023,12,7,7,3,729.0,2203.0,2203.0,2203.0,2203.0,2203.0
2023-12-06,2023,12,5,5,3,265.0,2203.0,2208.0,2204.0,2204.0566,2204.0566
2023-12-07,2023,12,5,5,3,374.0,2203.0,2203.0,2203.0,2203.0,2203.0
2023-12-08,2023,12,2,2,2,345.0,2203.0,2203.0,2203.0,2203.0,2203.0
2023-12-13,2023,12,1,1,1,228.0,2203.0,2208.0,2203.0,2203.0,2203.0
2024-09-21,2024,9,1,1,1,3500.0,2500.0,3015.0,2800.0,2800.0,2800.0
2024-09-24,2024,9,1,1,1,2985.0,2250.0,2880.0,2630.0,2630.0,2630.0
2024-09-25,2024,9,2,2,1,3137.0,1800.0,2775.0,2175.0,2440.0064,2440.0064
2024-09-27,2024,9,1,1,1,2730.0,2140.0,2696.0,2440.0,2440.0,2440.0
2024-09-29,2024,9,1,1,1,220.0,1600.0,1800.0,1750.0,1750.0,1750.0
2024-09-30,2024,9,1,1,1,26.0,1800.0,1900.0,1850.0,1850.0,1850.0
2024-10-01,2024,10,3,3,2,5139.0,2320.0,2900.0,2430.0,2506.5441,2506.5441
2024-10-02,2024,10,5,5,2,3105.35,970.0,2320.0,2320.0,2320.0,2320.0
2024-10-03,2024,10,3,3,2,1451.25,2320.0,2320.0,2320.0,2320.0,2320.0
2024-10-04,2024,10,3,3,2,1797.0,2320.0,2320.0,2320.0,2320.0,2320.0
2024-10-05,2024,10,5,5,2,3127.9,2320.0,2320.0,2320.0,2320.0,2320.0
2024-10-06,2024,10,3,3,2,1823.0,2320.0,2320.0,2320.0,2320.0,2320.0
2024-10-07,2024,10,9,9,3,10205.0,2320.0,2850.0,2353.3333,2511.3768,2511.3768
2024-10-08,2024,10,18,18,3,15280.9,2300.0,2788.0,2332.7778,2364.2513,2364.2513
2024-10-09,2024,10,29,29,5,17349.7,2300.0,2835.0,2330.0,2391.4087,2391.4087
2024-10-10,2024,10,42,42,5,57612.5,2320.0,2856.0,2327.8571,2337.2411,2337.2411
2024-10-11,2024,10,55,55,6,44429.23,2320.0,2870.0,2326.5455,2345.5237,2345.5237
2024-10-12,2024,10,49,49,5,33280.17,2300.0,2330.0,2320.0,2320.0,2320.0
2024-10-13,2024,10,47,47,6,61738.02,2300.0,2325.0,2319.5745,2318.5757,2318.5757
2024-10-14,2024,10,54,54,6,70115.01,2230.0,2325.0,2318.3333,2319.8524,2319.8524
2024-10-15,2024,10,55,54,6,66568.81,2230.0,2935.0,2326.2727,2325.1342,2325.1342
2024-10-16,2024,10,56,56,5,84765.25,2230.0,2325.0,2318.125,2318.4058,2318.4058
2024-10-17,2024,10,65,63,6,108175.71,2300.0,2953.0,2326.4615,2323.0005,2323.0005
2024-10-18,2024,10,71,70,6,144148.42,2300.0,2964.0,2325.9859,2322.3315,2322.3315
2024-10-19,2024,10,60,60,6,124779.57,2230.0,2325.0,2318.1667,2317.6593,2317.6593
2024-10-20,2024,10,61,61,6,91859.0,2230.0,2325.0,2318.1967,2318.9137,2318.9137
2024-10-21,2024,10,73,73,5,220145.56,2230.0,2325.0,2317.2603,2319.0223,2319.0223
2024-10-22,2024,10,61,60,5,142010.9,2230.0,3401.0,2323.6885,2328.2687,2328.2687
2024-10-23,2024,10,65,64,5,263805.71,2230.0,3378.0,2323.9231,2323.1095,2323.1095
2024-10-24,2024,10,67,65,6,226645.9,2230.0,3385.0,2330.2985,2325.6095,2325.6095
2024-10-25,2024,10,86,85,6,261450.36,2230.0,3429.0,2323.0233,2321.77,2321.77
2024-10-26,2024,10,82,82,6,340203.95,2230.0,2325.0,2317.561,2318.7062,2318.7062
2024-10-27,2024,10,79,79,6,212776.76,2230.0,2350.0,2317.8481,2318.0529,2318.0529
2024-10-28,2024,10,83,83,6,307195.78,2230.0,2325.0,2317.5904,2318.287,2318.287
2024-10-29,2024,10,66,66,6,262908.95,2230.0,2325.0,2317.2727,2318.2203,2318.2203
2024-10-30,2024,10,62,61,6,219821.0,2230.0,3923.0,2334.5161,2345.0473,2345.0473
2024-10-31,2024,10,52,51,5,111310.6,2230.0,3865.0,2337.3077,2332.4088,2332.4088
2024-11-01,2024,11,68,68,6,191915.08,2230.0,2330.0,2317.3529,2318.4271,2318.4271
2024-11-02,2024,11,71,71,6,157714.09,2230.0,2325.0,2317.4648,2317.5684,2317.5684
2024-11-03,2024,11,69,69,6,259931.77,2230.0,2800.0,2323.6232,2436.9321,2436.9321
2024-11-04,2024,11,71,71,6,260261.11,2230.0,2330.0,2317.4648,2318.6054,2318.6054
2024-11-05,2024,11,84,83,6,243248.4,2230.0,4127.0,2332.9762,2324.1288,2324.1288
2024-11-06,2024,11,81,80,6,194697.8,2230.0,4150.0,2336.0494,2332.2558,2332.2558
2024-11-07,2024,11,66,66,6,185202.51,2230.0,2330.0,2317.2727,2317.7131,2317.7131
2024-11-08,2024,11,74,74,6,207190.43,2230.0,2420.0,2317.5676,2317.9797,2317.9797
2024-11-09,2024,11,71,71,6,259339.15,2230.0,2330.0,2317.4648,2317.931,2317.931
2024-11-10,2024,11,70,70,6,176545.77,2230.0,2330.0,2317.4286,2317.6626,2317.6626
2024-11-11,2024,11,67,67,6,235604.96,2230.0,2325.0,2317.3134,2318.0637,2318.0637
2024-11-12,2024,11,68,67,6,138718.77,2230.0,4100.0,2338.3824,2364.8906,2364.8906
2024-11-13,2024,11,77,76,6,170706.75,2230.0,4075.0,2335.3247,2328.1177,2328.1177
2024-11-14,2024,11,64,64,5,108609.9,2230.0,2325.0,2316.875,2316.8127,2316.8127
2024-11-15,2024,11,65,65,6,102203.1,2230.0,2320.0,2316.9231,2318.0082,2318.0082
2024-11-16,2024,11,56,56,6,77181.2,2300.0,2320.0,2319.6429,2319.545,2319.545
2024-11-17,2024,11,50,50,6,56281.43,2300.0,2330.0,2320.0,2320.0,2320.0
2024-11-18,2024,11,62,62,6,76132.78,2300.0,2325.0,2319.6774,2319.407,2319.407
2024-11-19,2024,11,62,62,6,61232.11,2300.0,2325.0,2319.7581,2319.7197,2319.7197
2024-11-20,2024,11,59,59,5,66512.75,2300.0,2320.0,2320.0,2320.0,2320.0
2024-11-21,2024,11,56,56,6,50578.26,2300.0,2325.0,2320.0893,2320.0074,2320.0074
2024-11-22,2024,11,60,60,6,59427.9,2300.0,2330.0,2320.1667,2320.0263,2320.0263
2024-11-23,2024,11,46,46,6,34112.46,2300.0,2325.0,2320.0,2320.0,2320.0
2024-11-24,2024,11,46,45,6,66885.8,2300.0,2325.0,2320.0,2320.0,2320.0
2024-11-25,2024,11,50,50,6,36243.75,2320.0,2325.0,2320.1,2320.0026,2320.0026
2024-11-26,2024,11,44,44,6,24541.0,2300.0,2325.0,2319.6591,2319.5235,2319.5235
2024-11-27,2024,11,39,39,3,19858.52,2300.0,2325.0,2319.6154,2319.5615,2319.5615
2024-11-28,2024,11,34,34,4,16163.4,2300.0,2320.0,2319.4118,2319.6968,2319.6968
2024-11-29,2024,11,28,28,3,14602.4,2320.0,2325.0,2320.1786,2320.0051,2320.0051
2024-11-30,2024,11,20,20,3,11765.8,2320.0,4000.0,2379.0,2320.01,2320.01
2024-12-01,2024,12,5,5,2,1407.0,2320.0,2320.0,2320.0,2320.0,2320.0
2024-12-02,2024,12,6,6,2,2239.4,2300.0,2320.0,2316.6667,2318.4603,2318.4603
2024-12-13,2024,12,1,1,1,36.4,2750.0,2950.0,2800.0,2800.0,2800.0
2024-12-19,2024,12,1,1,1,5.36,2325.0,2325.0,2325.0,2325.0,2325.0
2025-09-15,2025,9,1,1,1,23.0,2125.0,2125.0,2125.0,2125.0,2125.0
2025-09-22,2025,9,2,2,2,672.8,2389.0,2389.0,2389.0,2389.0,2389.0
2025-09-23,2025,9,4,4,2,1698.8,2300.0,2394.0,2379.25,2388.8393,2388.8393
2025-09-24,2025,9,3,3,2,3270.0,2389.0,2389.0,2389.0,2389.0,2389.0
2025-09-25,2025,9,11,11,3,6139.13,2389.0,2839.0,2429.9091,2390.0995,2390.0995
2025-09-26,2025,9,16,16,3,8767.97,2369.0,2394.0,2388.375,2388.8107,2388.8107
2025-09-27,2025,9,21,21,3,14838.84,2300.0,2395.0,2384.7619,2387.3026,2387.3026
2025-09-28,2025,9,19,19,3,5572.37,2300.0,2394.0,2382.2632,2385.1343,2385.1343
2025-09-29,2025,9,26,26,3,11557.29,2300.0,2394.0,2385.7692,2386.9264,2386.9264
2025-09-30,2025,9,24,24,4,16038.08,2389.0,2394.0,2389.0,2389.0,2389.0
2025-10-01,2025,10,31,31,5,23695.65,2389.0,2399.0,2389.0,2389.0,2389.0
2025-10-02,2025,10,39,39,5,23988.6,2300.0,2394.0,2386.7179,2386.2163,2386.2163
2025-10-03,2025,10,42,42,5,25060.03,2389.0,2394.0,2389.0,2389.0,2389.0
2025-10-04,2025,10,44,44,5,29312.21,2300.0,2394.0,2387.2273,2386.3115,2386.3115
2025-10-05,2025,10,37,37,6,38962.66,2389.0,2394.0,2389.0,2389.0,2389.0
2025-10-06,2025,10,30,30,5,17905.73,2389.0,2394.0,2389.0,2389.0,2389.0
2025-10-07,2025,10,31,31,4,10519.59,2300.0,2394.0,2386.129,2383.2046,2383.2046
2025-10-08,2025,10,42,42,3,26253.19,2300.0,2400.0,2385.9524,2387.0073,2387.0073
2025-10-09,2025,10,42,42,4,30227.73,2389.0,2394.0,2389.0,2389.0,2389.0
2025-10-10,2025,10,52,52,4,152669.04,2300.0,2394.0,2387.2885,2388.2626,2388.2626
2025-10-11,2025,10,64,64,5,59631.62,2300.0,2395.0,2387.625,2386.783,2386.783
2025-10-12,2025,10,64,64,6,84049.48,2289.0,2395.0,2387.7812,2386.6908,2386.6908
2025-10-13,2025,10,74,74,5,119606.97,2300.0,2395.0,2386.7568,2386.5663,2386.5663
2025-10-14,2025,10,62,62,6,159922.34,2300.0,2394.0,2389.0,2389.0,2389.0
2025-10-15,2025,10,69,69,5,211093.1,2300.0,2394.0,2387.8696,2388.2608,2388.2608
2025-10-16,2025,10,73,73,5,176918.64,2359.0,2394.0,2389.0,2389.0,2389.0
2025-10-17,2025,10,87,87,5,322728.26,2300.0,2394.0,2388.1034,2388.5083,2388.5083
2025-10-18,2025,10,83,83,4,238185.3,2300.0,2394.0,2388.0602,2388.6408,2388.6408
2025-10-19,2025,10,74,74,5,216153.09,2389.0,2394.0,2389.0,2389.0,2389.0
2025-10-20,2025,10,62,62,5,146385.11,2300.0,2400.0,2387.8226,2388.0584,2388.0584
2025-10-21,2025,10,61,61,4,119719.895,2389.0,2394.0,2389.0,2389.0,2389.0
2025-10-22,2025,10,79,79,4,203491.48,2300.0,2394.0,2388.0127,2388.2997,2388.2997
2025-10-23,2025,10,69,69,5,232110.54,2389.0,2394.0,2389.0,2389.0,2389.0
2025-10-24,2025,10,83,83,5,293556.24,2389.0,2394.0,2389.0,2389.0,2389.0
2025-10-25,2025,10,79,79,4,274051.32,2389.0,2394.0,2389.0,2389.0,2389.0
2025-10-26,2025,10,73,73,5,257997.12,2300.0,2394.0,2387.9315,2388.2323,2388.2323
2025-10-27,2025,10,76,76,5,255772.86,2300.0,2395.0,2387.9737,2388.6753,2388.6753
2025-10-28,2025,10,80,80,5,240167.95,2389.0,2395.0,2389.0,2389.0,2389.0
2025-10-29,2025,10,73,73,6,298751.8,2300.0,2395.0,2387.7808,2388.5025,2388.5025
2025-10-30,2025,10,73,73,6,252676.01,2389.0,2394.0,2389.0,2389.0,2389.0
2025-10-31,2025,10,83,83,5,271161.79,2300.0,2395.0,2388.0602,2388.7838,2388.7838
2025-11-01,2025,11,75,75,7,169453.65,2389.0,2400.0,2389.0667,2389.016,2389.016
2025-11-02,2025,11,70,70,7,194026.38,2379.0,2394.0,2388.8571,2388.8289,2388.8289
2025-11-03,2025,11,67,67,6,144830.92,2300.0,2400.0,2387.7463,2384.0766,2384.0766
2025-11-04,2025,11,66,66,7,120347.77,2300.0,2389.0,2387.8182,2388.721,2388.721
2025-11-05,2025,11,65,65,7,146182.84,2389.0,2389.0,2389.0,2389.0,2389.0
2025-11-06,2025,11,40,39,6,74609.7125,2389.0,3800.0,2425.175,2389.4803,2389.4803
2025-11-07,2025,11,46,46,6,43511.1375,2389.0,2389.0,2389.0,2389.0,2389.0
2025-11-08,2025,11,50,50,8,124189.22,2300.0,2395.0,2389.0,2389.0,2389.0
2025-11-09,2025,11,44,44,6,43220.4375,2389.0,2395.0,2389.0,2389.0,2389.0
2025-11-10,2025,11,57,57,6,280856.3575,2389.0,2394.0,2389.0,2389.0,2389.0
2025-11-11,2025,11,47,47,5,113158.7875,2300.0,2394.0,2389.0,2389.0,2389.0
2025-11-12,2025,11,39,39,5,82038.4625,2380.0,2394.0,2388.9037,2388.953,2388.953
2025-11-13,2025,11,30,30,5,113200.625,2389.0,2394.0,2389.1667,2389.0011,2389.0011
2025-11-14,2025,11,26,26,4,24208.6875,2389.0,2389.0,2389.0,2389.0,2389.0
2025-11-15,2025,11,17,17,4,11401.0,2389.0,2389.0,2389.0,2389.0,2389.0
2025-11-16,2025,11,12,12,3,3186.2,2389.0,2389.0,2389.0,2389.0,2389.0
2025-11-17,2025,11,16,16,3,14381.3875,2389.0,2389.0,2389.0,2389.0,2389.0
2025-11-18,2025,11,18,18,3,5523.0,2389.0,2395.0,2389.3333,2389.163,2389.163
2025-11-19,2025,11,9,9,3,1541.0,2389.0,2389.0,2389.0,2389.0,2389.0
2025-11-20,2025,11,7,7,3,3029.0,2389.0,2389.0,2389.0,2389.0,2389.0
2025-11-21,2025,11,6,6,3,2271.0,2389.0,2489.0,2389.0,2389.0,2389.0
2025-11-22,2025,11,2,2,2,40.0,2389.0,2389.0,2389.0,2389.0,2389.0
2025-11-26,2025,11,1,1,1,8.0,2395.0,2395.0,2395.0,2395.0,2395.0
2025-11-27,2025,11,1,1,1,1.0,2394.0,2394.0,2394.0,2394.0,2394.0
